{
  "project_info": {
    "project_number": "612658102242",
    "project_id": "example-f9d9c",
    "storage_bucket": "example-f9d9c.firebasestorage.app"
  },
  "client": [
    {
      "client_info": {
        "mobilesdk_app_id": "1:612658102242:android:be35629463fffe074803bb",
        "android_client_info": {
          "package_name": "com.mycompany.example"
        }
      },
      "oauth_client": [],
      "api_key": [
        {
          "current_key": "AIzaSyB4dtz4dzbdY0H3_gE6Yqp22fGFnZGp5rU"
        }
      ],
      "services": {
        "appinvite_service": {
          "other_platform_oauth_client": []
        }
      }
    }
  ],
  "configuration_version": "1"
}